FirstName,LastName,EmailAddress,PhoneNumber,StreetAddress,CityName,StateName,ZipCode,Company,JobTitle,Department,EmployeeId,Manager,StartDate,Salary,BirthDate,Gender,MaritalStatus,Nationality,TaxId,MiddleName,FaxNumber,MobileNumber,Website,LinkedIn,Currency,Country,AccountName,AccountId,Industry,AnnualRevenue,NumberOfEmployees,Ownership,Rating,AccountType,LeadSource,Campaign,BillingStreet,BillingCity,BillingState,BillingZip,BillingCountry,ShippingStreet,ShippingCity,ShippingState,ShippingZip,ShippingCountry,YearFounded,Description,HomePhone,OtherPhone,MailingStreet,MailingCity,MailingState,MailingZip,MailingCountry,AlternateEmail,PersonalEmail,WorkEmail,EmergencyContact,EmergencyPhone,LifetimeValue,LastPurchaseDate,FirstPurchaseDate,TotalOrders,AverageOrderValue,LastActivityDate,CreatedDate,ModifiedDate,CreatedBy,ModifiedBy,IsActive,IsVerified,OptInEmail,OptInSms,LeadScore,CustomerTier,Region,Territory,SalesRep,Quota,Commission,PaymentTerms,CreditLimit,Balance,LastPaymentDate,ProductInterest,Quantity,UnitPrice,Discount,TaxAmount,ShippingCost,TotalAmount,OrderStatus,DeliveryMethod,TrackingNumber,PreferredContact,TimeZone,Language,Segment
John,Doe,john.doe@example.com,555-1000,123 Main St,Springfield,IL,60000,Acme Corp,Manager,Sales,EMP1000,John Doe,2018-01-01,50000,1980-01-01,Female,Married,USA,TAX100000,,555-2000,555-3000,www.doe.com,linkedin.com/in/john,USD,United States,Acme Corp Account,ACC10000,Technology,1000000,10,Public,Warm,Prospect,Referral,Camp0,456 Oak Ave,Portland,OR,60001,USA,789 Pine Rd,Denver,CO,60002,USA,1990,Sample description for row 0,555-4000,555-5000,123 Main St,Springfield,IL,60000,USA,alt0@example.com,personal0@example.com,john.doe@example.com,Doe Emergency,555-9999,1000,2024-01-01,2023-06-15,5,99.99,2024-11-01,2023-01-01,2024-10-15,admin,admin,No,No,No,No,50,Silver,North,T0,Rep0,100000,5.5,Net 30,50000,0,2024-09-01,Product 0,1,0,0,2.5,5.99,100,Pending,Ground,TRK1000000,Phone,America/Chicago,Spanish,Standard
Jane,Smith,jane.smith1@example.com,555-1001,456 Oak Ave,Portland,OR,60001,TechStart Inc,Developer,Engineering,EMP1001,Jane Smith,2019-02-02,51200,1981-02-02,Male,Single,USA,TAX100001,,555-2001,555-3001,www.smith.com,linkedin.com/in/jane,USD,United States,TechStart Inc Account,ACC10001,Healthcare,2000000,15,Private,Hot,Customer,Web,Camp1,789 Pine Rd,Denver,CO,60002,USA,321 Elm St,Austin,TX,60003,USA,1991,Sample description for row 1,555-4001,555-5001,456 Oak Ave,Portland,OR,60001,USA,alt1@example.com,personal1@example.com,jane.smith1@example.com,Smith Emergency,555-9999,2000,2024-02-01,2023-06-15,6,199.98,2024-11-01,2023-01-02,2024-10-15,admin,admin,Yes,Yes,Yes,Yes,51,Gold,North,T1,Rep1,100000,5.5,Net 30,50000,1000,2024-09-01,Product 1,2,29.99,1,2.5,5.99,110,Shipped,Ground,TRK1000001,Email,America/Chicago,English,Premium
Bob,Johnson,bob.johnson2@example.com,555-1002,789 Pine Rd,Denver,CO,60002,Global Solutions,Analyst,Marketing,EMP1002,Bob Johnson,2020-03-03,52400,1982-03-03,Female,Single,USA,TAX100002,,555-2002,555-3002,www.johnson.com,linkedin.com/in/bob,USD,United States,Global Solutions Account,ACC10002,Finance,3000000,20,Public,Hot,Prospect,Web,Camp2,321 Elm St,Austin,TX,60003,USA,654 Maple Dr,Seattle,WA,60004,USA,1992,Sample description for row 2,555-4002,555-5002,789 Pine Rd,Denver,CO,60002,USA,alt2@example.com,personal2@example.com,bob.johnson2@example.com,Johnson Emergency,555-9999,3000,2024-03-01,2023-06-15,7,299.96999999999997,2024-11-01,2023-01-03,2024-10-15,admin,admin,Yes,Yes,No,No,52,Gold,North,T2,Rep2,100000,5.5,Net 30,50000,2000,2024-09-01,Product 2,3,59.98,2,2.5,5.99,120,Shipped,Ground,TRK1000002,Phone,America/Chicago,Spanish,Premium
Alice,Williams,alice.williams3@example.com,555-1003,321 Elm St,Austin,TX,60003,Summit Industries,Designer,Finance,EMP1003,Alice Williams,2021-04-04,53600,1983-04-04,Male,Married,USA,TAX100003,,555-2003,555-3003,www.williams.com,linkedin.com/in/alice,USD,United States,Summit Industries Account,ACC10003,Retail,4000000,25,Private,Hot,Customer,Referral,Camp3,654 Maple Dr,Seattle,WA,60004,USA,987 Cedar Ln,Boston,MA,60005,USA,1993,Sample description for row 3,555-4003,555-5003,321 Elm St,Austin,TX,60003,USA,alt3@example.com,personal3@example.com,alice.williams3@example.com,Williams Emergency,555-9999,4000,2024-04-01,2023-06-15,8,399.96,2024-11-01,2023-01-04,2024-10-15,admin,admin,Yes,Yes,Yes,Yes,53,Silver,North,T3,Rep3,100000,5.5,Net 30,50000,3000,2024-09-01,Product 3,4,89.97,3,2.5,5.99,130,Shipped,Ground,TRK1000003,Email,America/Chicago,English,Standard
Charlie,Brown,charlie.brown4@example.com,555-1004,654 Maple Dr,Seattle,WA,60004,Pacific Ventures,Engineer,HR,EMP1004,Charlie Brown,2022-05-05,54800,1984-05-05,Female,Single,USA,TAX100004,,555-2004,555-3004,www.brown.com,linkedin.com/in/charlie,USD,United States,Pacific Ventures Account,ACC10004,Manufacturing,5000000,30,Public,Hot,Prospect,Web,Camp4,987 Cedar Ln,Boston,MA,60005,USA,147 Birch Way,Phoenix,AZ,60006,USA,1994,Sample description for row 4,555-4004,555-5004,654 Maple Dr,Seattle,WA,60004,USA,alt4@example.com,personal4@example.com,charlie.brown4@example.com,Brown Emergency,555-9999,5000,2024-05-01,2023-06-15,9,499.95,2024-11-01,2023-01-05,2024-10-15,admin,admin,Yes,Yes,No,No,54,Gold,North,T4,Rep4,100000,5.5,Net 30,50000,4000,2024-09-01,Product 4,5,119.96,4,2.5,5.99,140,Pending,Ground,TRK1000004,Phone,America/Chicago,Spanish,Premium
Diana,Davis,diana.davis5@example.com,555-1005,987 Cedar Ln,Boston,MA,60005,Northern Electric,Consultant,Operations,EMP1005,Diana Davis,2023-06-06,56000,1985-06-06,Male,Single,USA,TAX100005,,555-2005,555-3005,www.davis.com,linkedin.com/in/diana,USD,United States,Northern Electric Account,ACC10005,Education,6000000,35,Private,Warm,Customer,Web,Camp5,147 Birch Way,Phoenix,AZ,60006,USA,258 Spruce Ct,Miami,FL,60007,USA,1995,Sample description for row 5,555-4005,555-5005,987 Cedar Ln,Boston,MA,60005,USA,alt5@example.com,personal5@example.com,diana.davis5@example.com,Davis Emergency,555-9999,6000,2024-06-01,2023-06-15,10,599.9399999999999,2024-11-01,2023-01-06,2024-10-15,admin,admin,Yes,No,Yes,Yes,55,Gold,North,T0,Rep5,100000,5.5,Net 30,50000,5000,2024-09-01,Product 5,1,149.95,5,2.5,5.99,150,Shipped,Ground,TRK1000005,Email,America/Chicago,English,Premium
Frank,Miller,frank.miller6@example.com,555-1006,147 Birch Way,Phoenix,AZ,60006,Metro Services,Specialist,Support,EMP1006,Frank Miller,2018-07-07,57200,1986-07-07,Female,Married,USA,TAX100006,,555-2006,555-3006,www.miller.com,linkedin.com/in/frank,USD,United States,Metro Services Account,ACC10006,Energy,7000000,40,Public,Hot,Prospect,Referral,Camp6,258 Spruce Ct,Miami,FL,60007,USA,369 Ash Blvd,Atlanta,GA,60008,USA,1996,Sample description for row 6,555-4006,555-5006,147 Birch Way,Phoenix,AZ,60006,USA,alt6@example.com,personal6@example.com,frank.miller6@example.com,Miller Emergency,555-9999,7000,2024-07-01,2023-06-15,11,699.93,2024-11-01,2023-01-07,2024-10-15,admin,admin,Yes,Yes,No,No,56,Silver,North,T1,Rep6,100000,5.5,Net 30,50000,6000,2024-09-01,Product 6,2,179.94,6,2.5,5.99,160,Shipped,Ground,TRK1000006,Phone,America/Chicago,Spanish,Standard
Grace,Wilson,grace.wilson7@example.com,555-1007,258 Spruce Ct,Miami,FL,60007,Premier Group,Coordinator,Product,EMP1007,Grace Wilson,2019-08-08,58400,1987-08-08,Male,Single,USA,TAX100007,,555-2007,555-3007,www.wilson.com,linkedin.com/in/grace,USD,United States,Premier Group Account,ACC10007,Transportation,8000000,45,Private,Hot,Customer,Web,Camp7,369 Ash Blvd,Atlanta,GA,60008,USA,741 Willow Pl,Chicago,IL,60009,USA,1997,Sample description for row 7,555-4007,555-5007,258 Spruce Ct,Miami,FL,60007,USA,alt7@example.com,personal7@example.com,grace.wilson7@example.com,Wilson Emergency,555-9999,8000,2024-08-01,2023-06-15,12,799.92,2024-11-01,2023-01-08,2024-10-15,admin,admin,Yes,Yes,Yes,Yes,57,Gold,North,T2,Rep7,100000,5.5,Net 30,50000,7000,2024-09-01,Product 7,3,209.92999999999998,7,2.5,5.99,170,Shipped,Ground,TRK1000007,Email,America/Chicago,English,Premium
Henry,Moore,henry.moore8@example.com,555-1008,369 Ash Blvd,Atlanta,GA,60008,United Partners,Director,Legal,EMP1008,Henry Moore,2020-09-09,59600,1988-09-09,Female,Single,USA,TAX100008,,555-2008,555-3008,www.moore.com,linkedin.com/in/henry,USD,United States,United Partners Account,ACC10008,Media,9000000,50,Public,Hot,Prospect,Web,Camp8,741 Willow Pl,Chicago,IL,60009,USA,123 Main St,Dallas,TX,60010,USA,1998,Sample description for row 8,555-4008,555-5008,369 Ash Blvd,Atlanta,GA,60008,USA,alt8@example.com,personal8@example.com,henry.moore8@example.com,Moore Emergency,555-9999,9000,2024-09-01,2023-06-15,13,899.91,2024-11-01,2023-01-09,2024-10-15,admin,admin,Yes,Yes,No,No,58,Gold,North,T3,Rep8,100000,5.5,Net 30,50000,8000,2024-09-01,Product 8,4,239.92,8,2.5,5.99,180,Pending,Ground,TRK1000008,Phone,America/Chicago,Spanish,Premium
Iris,Taylor,iris.taylor9@example.com,555-1009,741 Willow Pl,Chicago,IL,60009,Central Logistics,Administrator,IT,EMP1009,Iris Taylor,2021-10-10,60800,1989-10-10,Male,Married,USA,TAX100009,,555-2009,555-3009,www.taylor.com,linkedin.com/in/iris,USD,United States,Central Logistics Account,ACC10009,Consulting,10000000,55,Private,Hot,Customer,Referral,Camp9,123 Main St,Dallas,TX,60010,USA,456 Oak Ave,Houston,TX,60011,USA,1999,Sample description for row 9,555-4009,555-5009,741 Willow Pl,Chicago,IL,60009,USA,alt9@example.com,personal9@example.com,iris.taylor9@example.com,Taylor Emergency,555-9999,10000,2024-10-01,2023-06-15,14,999.9,2024-11-01,2023-01-10,2024-10-15,admin,admin,Yes,Yes,Yes,Yes,59,Silver,North,T4,Rep9,100000,5.5,Net 30,50000,9000,2024-09-01,Product 9,5,269.90999999999997,9,2.5,5.99,190,Shipped,Ground,TRK1000009,Email,America/Chicago,English,Standard
Jack,Anderson,jack.anderson10@example.com,555-1010,123 Main St,Dallas,TX,60010,Acme Corp,Manager,Sales,EMP1010,Jack Anderson,2022-11-11,62000,1990-11-11,Female,Single,USA,TAX100010,,555-2010,555-3010,www.anderson.com,linkedin.com/in/jack,USD,United States,Acme Corp Account,ACC10010,Technology,1000000,60,Public,Warm,Prospect,Web,Camp10,456 Oak Ave,Houston,TX,60011,USA,789 Pine Rd,Detroit,MI,60012,USA,2000,Sample description for row 10,555-4010,555-5010,123 Main St,Dallas,TX,60010,USA,alt10@example.com,personal10@example.com,jack.anderson10@example.com,Anderson Emergency,555-9999,11000,2024-11-01,2023-06-15,15,99.99,2024-11-01,2023-01-11,2024-10-15,admin,admin,No,No,No,No,60,Gold,North,T0,Rep10,100000,5.5,Net 30,50000,10000,2024-09-01,Product 0,1,0,0,2.5,5.99,200,Shipped,Ground,TRK1000010,Phone,America/Chicago,Spanish,Premium
Kate,Thomas,kate.thomas11@example.com,555-1011,456 Oak Ave,Houston,TX,60011,TechStart Inc,Developer,Engineering,EMP1011,Kate Thomas,2023-12-12,63200,1991-12-12,Male,Single,USA,TAX100011,,555-2011,555-3011,www.thomas.com,linkedin.com/in/kate,USD,United States,TechStart Inc Account,ACC10011,Healthcare,2000000,65,Private,Hot,Customer,Web,Camp11,789 Pine Rd,Detroit,MI,60012,USA,321 Elm St,Philadelphia,PA,60013,USA,2001,Sample description for row 11,555-4011,555-5011,456 Oak Ave,Houston,TX,60011,USA,alt11@example.com,personal11@example.com,kate.thomas11@example.com,Thomas Emergency,555-9999,12000,2024-12-01,2023-06-15,16,199.98,2024-11-01,2023-01-12,2024-10-15,admin,admin,Yes,Yes,Yes,Yes,61,Gold,North,T1,Rep11,100000,5.5,Net 30,50000,11000,2024-09-01,Product 1,2,29.99,1,2.5,5.99,210,Shipped,Ground,TRK1000011,Email,America/Chicago,English,Premium
Leo,Jackson,leo.jackson12@example.com,555-1012,789 Pine Rd,Detroit,MI,60012,Global Solutions,Analyst,Marketing,EMP1012,Leo Jackson,2018-01-13,64400,1992-01-13,Female,Married,USA,TAX100012,,555-2012,555-3012,www.jackson.com,linkedin.com/in/leo,USD,United States,Global Solutions Account,ACC10012,Finance,3000000,70,Public,Hot,Prospect,Referral,Camp12,321 Elm St,Philadelphia,PA,60013,USA,654 Maple Dr,San Diego,CA,60014,USA,2002,Sample description for row 12,555-4012,555-5012,789 Pine Rd,Detroit,MI,60012,USA,alt12@example.com,personal12@example.com,leo.jackson12@example.com,Jackson Emergency,555-9999,13000,2024-01-01,2023-06-15,17,299.96999999999997,2024-11-01,2023-01-13,2024-10-15,admin,admin,Yes,Yes,No,No,62,Silver,North,T2,Rep12,100000,5.5,Net 30,50000,12000,2024-09-01,Product 2,3,59.98,2,2.5,5.99,220,Pending,Ground,TRK1000012,Phone,America/Chicago,Spanish,Standard
Maria,White,maria.white13@example.com,555-1013,321 Elm St,Philadelphia,PA,60013,Summit Industries,Designer,Finance,EMP1013,Maria White,2019-02-14,65600,1993-02-14,Male,Single,USA,TAX100013,,555-2013,555-3013,www.white.com,linkedin.com/in/maria,USD,United States,Summit Industries Account,ACC10013,Retail,4000000,75,Private,Hot,Customer,Web,Camp13,654 Maple Dr,San Diego,CA,60014,USA,987 Cedar Ln,Springfield,IL,60015,USA,2003,Sample description for row 13,555-4013,555-5013,321 Elm St,Philadelphia,PA,60013,USA,alt13@example.com,personal13@example.com,maria.white13@example.com,White Emergency,555-9999,14000,2024-02-01,2023-06-15,18,399.96,2024-11-01,2023-01-14,2024-10-15,admin,admin,Yes,Yes,Yes,Yes,63,Gold,North,T3,Rep13,100000,5.5,Net 30,50000,13000,2024-09-01,Product 3,4,89.97,3,2.5,5.99,230,Shipped,Ground,TRK1000013,Email,America/Chicago,English,Premium
Nick,Harris,nick.harris14@example.com,555-1014,654 Maple Dr,San Diego,CA,60014,Pacific Ventures,Engineer,HR,EMP1014,Nick Harris,2020-03-15,66800,1994-03-15,Female,Single,USA,TAX100014,,555-2014,555-3014,www.harris.com,linkedin.com/in/nick,USD,United States,Pacific Ventures Account,ACC10014,Manufacturing,5000000,80,Public,Hot,Prospect,Web,Camp14,987 Cedar Ln,Springfield,IL,60015,USA,147 Birch Way,Portland,OR,60016,USA,2004,Sample description for row 14,555-4014,555-5014,654 Maple Dr,San Diego,CA,60014,USA,alt14@example.com,personal14@example.com,nick.harris14@example.com,Harris Emergency,555-9999,15000,2024-03-01,2023-06-15,19,499.95,2024-11-01,2023-01-15,2024-10-15,admin,admin,Yes,Yes,No,No,64,Gold,North,T4,Rep14,100000,5.5,Net 30,50000,14000,2024-09-01,Product 4,5,119.96,4,2.5,5.99,240,Shipped,Ground,TRK1000014,Phone,America/Chicago,Spanish,Premium
Olivia,Martin,olivia.martin15@example.com,555-1015,987 Cedar Ln,Springfield,IL,60015,Northern Electric,Consultant,Operations,EMP1015,Olivia Martin,2021-04-16,68000,1995-04-16,Male,Married,USA,TAX100015,,555-2015,555-3015,www.martin.com,linkedin.com/in/olivia,USD,United States,Northern Electric Account,ACC10015,Education,6000000,85,Private,Warm,Customer,Referral,Camp15,147 Birch Way,Portland,OR,60016,USA,258 Spruce Ct,Denver,CO,60017,USA,2005,Sample description for row 15,555-4015,555-5015,987 Cedar Ln,Springfield,IL,60015,USA,alt15@example.com,personal15@example.com,olivia.martin15@example.com,Martin Emergency,555-9999,16000,2024-04-01,2023-06-15,20,599.9399999999999,2024-11-01,2023-01-16,2024-10-15,admin,admin,Yes,No,Yes,Yes,65,Silver,North,T0,Rep15,100000,5.5,Net 30,50000,15000,2024-09-01,Product 5,1,149.95,5,2.5,5.99,250,Shipped,Ground,TRK1000015,Email,America/Chicago,English,Standard
Paul,Thompson,paul.thompson16@example.com,555-1016,147 Birch Way,Portland,OR,60016,Metro Services,Specialist,Support,EMP1016,Paul Thompson,2022-05-17,69200,1996-05-17,Female,Single,USA,TAX100016,,555-2016,555-3016,www.thompson.com,linkedin.com/in/paul,USD,United States,Metro Services Account,ACC10016,Energy,7000000,90,Public,Hot,Prospect,Web,Camp16,258 Spruce Ct,Denver,CO,60017,USA,369 Ash Blvd,Austin,TX,60018,USA,2006,Sample description for row 16,555-4016,555-5016,147 Birch Way,Portland,OR,60016,USA,alt16@example.com,personal16@example.com,paul.thompson16@example.com,Thompson Emergency,555-9999,17000,2024-05-01,2023-06-15,21,699.93,2024-11-01,2023-01-17,2024-10-15,admin,admin,Yes,Yes,No,No,66,Gold,North,T1,Rep16,100000,5.5,Net 30,50000,16000,2024-09-01,Product 6,2,179.94,6,2.5,5.99,260,Pending,Ground,TRK1000016,Phone,America/Chicago,Spanish,Premium
Quinn,Garcia,quinn.garcia17@example.com,555-1017,258 Spruce Ct,Denver,CO,60017,Premier Group,Coordinator,Product,EMP1017,Quinn Garcia,2023-06-18,70400,1997-06-18,Male,Single,USA,TAX100017,,555-2017,555-3017,www.garcia.com,linkedin.com/in/quinn,USD,United States,Premier Group Account,ACC10017,Transportation,8000000,95,Private,Hot,Customer,Web,Camp17,369 Ash Blvd,Austin,TX,60018,USA,741 Willow Pl,Seattle,WA,60019,USA,2007,Sample description for row 17,555-4017,555-5017,258 Spruce Ct,Denver,CO,60017,USA,alt17@example.com,personal17@example.com,quinn.garcia17@example.com,Garcia Emergency,555-9999,18000,2024-06-01,2023-06-15,22,799.92,2024-11-01,2023-01-18,2024-10-15,admin,admin,Yes,Yes,Yes,Yes,67,Gold,North,T2,Rep17,100000,5.5,Net 30,50000,17000,2024-09-01,Product 7,3,209.92999999999998,7,2.5,5.99,270,Shipped,Ground,TRK1000017,Email,America/Chicago,English,Premium
Rachel,Martinez,rachel.martinez18@example.com,555-1018,369 Ash Blvd,Austin,TX,60018,United Partners,Director,Legal,EMP1018,Rachel Martinez,2018-07-19,71600,1998-07-19,Female,Married,USA,TAX100018,,555-2018,555-3018,www.martinez.com,linkedin.com/in/rachel,USD,United States,United Partners Account,ACC10018,Media,9000000,100,Public,Hot,Prospect,Referral,Camp18,741 Willow Pl,Seattle,WA,60019,USA,123 Main St,Boston,MA,60020,USA,2008,Sample description for row 18,555-4018,555-5018,369 Ash Blvd,Austin,TX,60018,USA,alt18@example.com,personal18@example.com,rachel.martinez18@example.com,Martinez Emergency,555-9999,19000,2024-07-01,2023-06-15,23,899.91,2024-11-01,2023-01-19,2024-10-15,admin,admin,Yes,Yes,No,No,68,Silver,North,T3,Rep18,100000,5.5,Net 30,50000,18000,2024-09-01,Product 8,4,239.92,8,2.5,5.99,280,Shipped,Ground,TRK1000018,Phone,America/Chicago,Spanish,Standard
Sam,Robinson,sam.robinson19@example.com,555-1019,741 Willow Pl,Seattle,WA,60019,Central Logistics,Administrator,IT,EMP1019,Sam Robinson,2019-08-20,72800,1999-08-20,Male,Single,USA,TAX100019,,555-2019,555-3019,www.robinson.com,linkedin.com/in/sam,USD,United States,Central Logistics Account,ACC10019,Consulting,10000000,105,Private,Hot,Customer,Web,Camp19,123 Main St,Boston,MA,60020,USA,456 Oak Ave,Phoenix,AZ,60021,USA,2009,Sample description for row 19,555-4019,555-5019,741 Willow Pl,Seattle,WA,60019,USA,alt19@example.com,personal19@example.com,sam.robinson19@example.com,Robinson Emergency,555-9999,20000,2024-08-01,2023-06-15,24,999.9,2024-11-01,2023-01-20,2024-10-15,admin,admin,Yes,Yes,Yes,Yes,69,Gold,North,T4,Rep19,100000,5.5,Net 30,50000,19000,2024-09-01,Product 9,5,269.90999999999997,9,2.5,5.99,290,Shipped,Ground,TRK1000019,Email,America/Chicago,English,Premium
Tom,Doe,tom.doe20@example.com,555-1020,123 Main St,Boston,MA,60020,Acme Corp,Manager,Sales,EMP1020,Tom Doe,2020-09-21,74000,2000-09-21,Female,Single,USA,TAX100020,,555-2020,555-3020,www.doe.com,linkedin.com/in/tom,USD,United States,Acme Corp Account,ACC10020,Technology,1000000,110,Public,Warm,Prospect,Web,Camp20,456 Oak Ave,Phoenix,AZ,60021,USA,789 Pine Rd,Miami,FL,60022,USA,2010,Sample description for row 20,555-4020,555-5020,123 Main St,Boston,MA,60020,USA,alt20@example.com,personal20@example.com,tom.doe20@example.com,Doe Emergency,555-9999,21000,2024-09-01,2023-06-15,25,99.99,2024-11-01,2023-01-21,2024-10-15,admin,admin,No,No,No,No,70,Gold,North,T0,Rep20,100000,5.5,Net 30,50000,20000,2024-09-01,Product 0,1,0,0,2.5,5.99,300,Pending,Ground,TRK1000020,Phone,America/Chicago,Spanish,Premium
Uma,Smith,uma.smith21@example.com,555-1021,456 Oak Ave,Phoenix,AZ,60021,TechStart Inc,Developer,Engineering,EMP1021,Uma Smith,2021-10-22,75200,2001-10-22,Male,Married,USA,TAX100021,,555-2021,555-3021,www.smith.com,linkedin.com/in/uma,USD,United States,TechStart Inc Account,ACC10021,Healthcare,2000000,115,Private,Hot,Customer,Referral,Camp21,789 Pine Rd,Miami,FL,60022,USA,321 Elm St,Atlanta,GA,60023,USA,2011,Sample description for row 21,555-4021,555-5021,456 Oak Ave,Phoenix,AZ,60021,USA,alt21@example.com,personal21@example.com,uma.smith21@example.com,Smith Emergency,555-9999,22000,2024-10-01,2023-06-15,26,199.98,2024-11-01,2023-01-22,2024-10-15,admin,admin,Yes,Yes,Yes,Yes,71,Silver,North,T1,Rep21,100000,5.5,Net 30,50000,21000,2024-09-01,Product 1,2,29.99,1,2.5,5.99,310,Shipped,Ground,TRK1000021,Email,America/Chicago,English,Standard
Victor,Johnson,victor.johnson22@example.com,555-1022,789 Pine Rd,Miami,FL,60022,Global Solutions,Analyst,Marketing,EMP1022,Victor Johnson,2022-11-23,76400,2002-11-23,Female,Single,USA,TAX100022,,555-2022,555-3022,www.johnson.com,linkedin.com/in/victor,USD,United States,Global Solutions Account,ACC10022,Finance,3000000,120,Public,Hot,Prospect,Web,Camp22,321 Elm St,Atlanta,GA,60023,USA,654 Maple Dr,Chicago,IL,60024,USA,2012,Sample description for row 22,555-4022,555-5022,789 Pine Rd,Miami,FL,60022,USA,alt22@example.com,personal22@example.com,victor.johnson22@example.com,Johnson Emergency,555-9999,23000,2024-11-01,2023-06-15,27,299.96999999999997,2024-11-01,2023-01-23,2024-10-15,admin,admin,Yes,Yes,No,No,72,Gold,North,T2,Rep22,100000,5.5,Net 30,50000,22000,2024-09-01,Product 2,3,59.98,2,2.5,5.99,320,Shipped,Ground,TRK1000022,Phone,America/Chicago,Spanish,Premium
Wendy,Williams,wendy.williams23@example.com,555-1023,321 Elm St,Atlanta,GA,60023,Summit Industries,Designer,Finance,EMP1023,Wendy Williams,2023-12-24,77600,2003-12-24,Male,Single,USA,TAX100023,,555-2023,555-3023,www.williams.com,linkedin.com/in/wendy,USD,United States,Summit Industries Account,ACC10023,Retail,4000000,125,Private,Hot,Customer,Web,Camp23,654 Maple Dr,Chicago,IL,60024,USA,987 Cedar Ln,Dallas,TX,60025,USA,2013,Sample description for row 23,555-4023,555-5023,321 Elm St,Atlanta,GA,60023,USA,alt23@example.com,personal23@example.com,wendy.williams23@example.com,Williams Emergency,555-9999,24000,2024-12-01,2023-06-15,28,399.96,2024-11-01,2023-01-24,2024-10-15,admin,admin,Yes,Yes,Yes,Yes,73,Gold,North,T3,Rep23,100000,5.5,Net 30,50000,23000,2024-09-01,Product 3,4,89.97,3,2.5,5.99,330,Shipped,Ground,TRK1000023,Email,America/Chicago,English,Premium
Xavier,Brown,xavier.brown24@example.com,555-1024,654 Maple Dr,Chicago,IL,60024,Pacific Ventures,Engineer,HR,EMP1024,Xavier Brown,2018-01-25,78800,2004-01-25,Female,Married,USA,TAX100024,,555-2024,555-3024,www.brown.com,linkedin.com/in/xavier,USD,United States,Pacific Ventures Account,ACC10024,Manufacturing,5000000,130,Public,Hot,Prospect,Referral,Camp24,987 Cedar Ln,Dallas,TX,60025,USA,147 Birch Way,Houston,TX,60026,USA,2014,Sample description for row 24,555-4024,555-5024,654 Maple Dr,Chicago,IL,60024,USA,alt24@example.com,personal24@example.com,xavier.brown24@example.com,Brown Emergency,555-9999,25000,2024-01-01,2023-06-15,29,499.95,2024-11-01,2023-01-25,2024-10-15,admin,admin,Yes,Yes,No,No,74,Silver,North,T4,Rep24,100000,5.5,Net 30,50000,24000,2024-09-01,Product 4,5,119.96,4,2.5,5.99,340,Pending,Ground,TRK1000024,Phone,America/Chicago,Spanish,Standard
Yara,Davis,yara.davis25@example.com,555-1025,987 Cedar Ln,Dallas,TX,60025,Northern Electric,Consultant,Operations,EMP1025,Yara Davis,2019-02-26,80000,1980-02-26,Male,Single,USA,TAX100025,,555-2025,555-3025,www.davis.com,linkedin.com/in/yara,USD,United States,Northern Electric Account,ACC10025,Education,6000000,135,Private,Warm,Customer,Web,Camp25,147 Birch Way,Houston,TX,60026,USA,258 Spruce Ct,Detroit,MI,60027,USA,2015,Sample description for row 25,555-4025,555-5025,987 Cedar Ln,Dallas,TX,60025,USA,alt25@example.com,personal25@example.com,yara.davis25@example.com,Davis Emergency,555-9999,26000,2024-02-01,2023-06-15,30,599.9399999999999,2024-11-01,2023-01-26,2024-10-15,admin,admin,Yes,No,Yes,Yes,75,Gold,North,T0,Rep25,100000,5.5,Net 30,50000,25000,2024-09-01,Product 5,1,149.95,5,2.5,5.99,350,Shipped,Ground,TRK1000025,Email,America/Chicago,English,Premium
Zane,Miller,zane.miller26@example.com,555-1026,147 Birch Way,Houston,TX,60026,Metro Services,Specialist,Support,EMP1026,Zane Miller,2020-03-27,81200,1981-03-27,Female,Single,USA,TAX100026,,555-2026,555-3026,www.miller.com,linkedin.com/in/zane,USD,United States,Metro Services Account,ACC10026,Energy,7000000,140,Public,Hot,Prospect,Web,Camp26,258 Spruce Ct,Detroit,MI,60027,USA,369 Ash Blvd,Philadelphia,PA,60028,USA,2016,Sample description for row 26,555-4026,555-5026,147 Birch Way,Houston,TX,60026,USA,alt26@example.com,personal26@example.com,zane.miller26@example.com,Miller Emergency,555-9999,27000,2024-03-01,2023-06-15,31,699.93,2024-11-01,2023-01-27,2024-10-15,admin,admin,Yes,Yes,No,No,76,Gold,North,T1,Rep26,100000,5.5,Net 30,50000,26000,2024-09-01,Product 6,2,179.94,6,2.5,5.99,360,Shipped,Ground,TRK1000026,Phone,America/Chicago,Spanish,Premium
Adam,Wilson,adam.wilson27@example.com,555-1027,258 Spruce Ct,Detroit,MI,60027,Premier Group,Coordinator,Product,EMP1027,Adam Wilson,2021-04-28,82400,1982-04-28,Male,Married,USA,TAX100027,,555-2027,555-3027,www.wilson.com,linkedin.com/in/adam,USD,United States,Premier Group Account,ACC10027,Transportation,8000000,145,Private,Hot,Customer,Referral,Camp27,369 Ash Blvd,Philadelphia,PA,60028,USA,741 Willow Pl,San Diego,CA,60029,USA,2017,Sample description for row 27,555-4027,555-5027,258 Spruce Ct,Detroit,MI,60027,USA,alt27@example.com,personal27@example.com,adam.wilson27@example.com,Wilson Emergency,555-9999,28000,2024-04-01,2023-06-15,32,799.92,2024-11-01,2023-01-28,2024-10-15,admin,admin,Yes,Yes,Yes,Yes,77,Silver,North,T2,Rep27,100000,5.5,Net 30,50000,27000,2024-09-01,Product 7,3,209.92999999999998,7,2.5,5.99,370,Shipped,Ground,TRK1000027,Email,America/Chicago,English,Standard
Beth,Moore,beth.moore28@example.com,555-1028,369 Ash Blvd,Philadelphia,PA,60028,United Partners,Director,Legal,EMP1028,Beth Moore,2022-05-01,83600,1983-05-01,Female,Single,USA,TAX100028,,555-2028,555-3028,www.moore.com,linkedin.com/in/beth,USD,United States,United Partners Account,ACC10028,Media,9000000,150,Public,Hot,Prospect,Web,Camp28,741 Willow Pl,San Diego,CA,60029,USA,123 Main St,Springfield,IL,60030,USA,2018,Sample description for row 28,555-4028,555-5028,369 Ash Blvd,Philadelphia,PA,60028,USA,alt28@example.com,personal28@example.com,beth.moore28@example.com,Moore Emergency,555-9999,29000,2024-05-01,2023-06-15,33,899.91,2024-11-01,2023-01-29,2024-10-15,admin,admin,Yes,Yes,No,No,78,Gold,North,T3,Rep28,100000,5.5,Net 30,50000,28000,2024-09-01,Product 8,4,239.92,8,2.5,5.99,380,Pending,Ground,TRK1000028,Phone,America/Chicago,Spanish,Premium
Carl,Taylor,carl.taylor29@example.com,555-1029,741 Willow Pl,San Diego,CA,60029,Central Logistics,Administrator,IT,EMP1029,Carl Taylor,2023-06-02,84800,1984-06-02,Male,Single,USA,TAX100029,,555-2029,555-3029,www.taylor.com,linkedin.com/in/carl,USD,United States,Central Logistics Account,ACC10029,Consulting,10000000,155,Private,Hot,Customer,Web,Camp29,123 Main St,Springfield,IL,60030,USA,456 Oak Ave,Portland,OR,60031,USA,2019,Sample description for row 29,555-4029,555-5029,741 Willow Pl,San Diego,CA,60029,USA,alt29@example.com,personal29@example.com,carl.taylor29@example.com,Taylor Emergency,555-9999,30000,2024-06-01,2023-06-15,34,999.9,2024-11-01,2023-01-30,2024-10-15,admin,admin,Yes,Yes,Yes,Yes,79,Gold,North,T4,Rep29,100000,5.5,Net 30,50000,29000,2024-09-01,Product 9,5,269.90999999999997,9,2.5,5.99,390,Shipped,Ground,TRK1000029,Email,America/Chicago,English,Premium
Dora,Anderson,dora.anderson30@example.com,555-1030,123 Main St,Springfield,IL,60030,Acme Corp,Manager,Sales,EMP1030,Dora Anderson,2018-07-03,86000,1985-07-03,Female,Married,USA,TAX100030,,555-2030,555-3030,www.anderson.com,linkedin.com/in/dora,USD,United States,Acme Corp Account,ACC10030,Technology,1000000,160,Public,Warm,Prospect,Referral,Camp30,456 Oak Ave,Portland,OR,60031,USA,789 Pine Rd,Denver,CO,60032,USA,1990,Sample description for row 30,555-4030,555-5030,123 Main St,Springfield,IL,60030,USA,alt30@example.com,personal30@example.com,dora.anderson30@example.com,Anderson Emergency,555-9999,31000,2024-07-01,2023-06-15,35,99.99,2024-11-01,2023-01-31,2024-10-15,admin,admin,No,No,No,No,80,Silver,North,T0,Rep30,100000,5.5,Net 30,50000,30000,2024-09-01,Product 0,1,0,0,2.5,5.99,400,Shipped,Ground,TRK1000030,Phone,America/Chicago,Spanish,Standard
Evan,Thomas,evan.thomas31@example.com,555-1031,456 Oak Ave,Portland,OR,60031,TechStart Inc,Developer,Engineering,EMP1031,Evan Thomas,2019-08-04,87200,1986-08-04,Male,Single,USA,TAX100031,,555-2031,555-3031,www.thomas.com,linkedin.com/in/evan,USD,United States,TechStart Inc Account,ACC10031,Healthcare,2000000,165,Private,Hot,Customer,Web,Camp31,789 Pine Rd,Denver,CO,60032,USA,321 Elm St,Austin,TX,60033,USA,1991,Sample description for row 31,555-4031,555-5031,456 Oak Ave,Portland,OR,60031,USA,alt31@example.com,personal31@example.com,evan.thomas31@example.com,Thomas Emergency,555-9999,32000,2024-08-01,2023-06-15,36,199.98,2024-11-01,2023-01-32,2024-10-15,admin,admin,Yes,Yes,Yes,Yes,81,Gold,North,T1,Rep31,100000,5.5,Net 30,50000,31000,2024-09-01,Product 1,2,29.99,1,2.5,5.99,410,Shipped,Ground,TRK1000031,Email,America/Chicago,English,Premium
Fiona,Jackson,fiona.jackson32@example.com,555-1032,789 Pine Rd,Denver,CO,60032,Global Solutions,Analyst,Marketing,EMP1032,Fiona Jackson,2020-09-05,88400,1987-09-05,Female,Single,USA,TAX100032,,555-2032,555-3032,www.jackson.com,linkedin.com/in/fiona,USD,United States,Global Solutions Account,ACC10032,Finance,3000000,170,Public,Hot,Prospect,Web,Camp32,321 Elm St,Austin,TX,60033,USA,654 Maple Dr,Seattle,WA,60034,USA,1992,Sample description for row 32,555-4032,555-5032,789 Pine Rd,Denver,CO,60032,USA,alt32@example.com,personal32@example.com,fiona.jackson32@example.com,Jackson Emergency,555-9999,33000,2024-09-01,2023-06-15,37,299.96999999999997,2024-11-01,2023-01-33,2024-10-15,admin,admin,Yes,Yes,No,No,82,Gold,North,T2,Rep32,100000,5.5,Net 30,50000,32000,2024-09-01,Product 2,3,59.98,2,2.5,5.99,420,Pending,Ground,TRK1000032,Phone,America/Chicago,Spanish,Premium
Greg,White,greg.white33@example.com,555-1033,321 Elm St,Austin,TX,60033,Summit Industries,Designer,Finance,EMP1033,Greg White,2021-10-06,89600,1988-10-06,Male,Married,USA,TAX100033,,555-2033,555-3033,www.white.com,linkedin.com/in/greg,USD,United States,Summit Industries Account,ACC10033,Retail,4000000,175,Private,Hot,Customer,Referral,Camp33,654 Maple Dr,Seattle,WA,60034,USA,987 Cedar Ln,Boston,MA,60035,USA,1993,Sample description for row 33,555-4033,555-5033,321 Elm St,Austin,TX,60033,USA,alt33@example.com,personal33@example.com,greg.white33@example.com,White Emergency,555-9999,34000,2024-10-01,2023-06-15,38,399.96,2024-11-01,2023-01-34,2024-10-15,admin,admin,Yes,Yes,Yes,Yes,83,Silver,North,T3,Rep33,100000,5.5,Net 30,50000,33000,2024-09-01,Product 3,4,89.97,3,2.5,5.99,430,Shipped,Ground,TRK1000033,Email,America/Chicago,English,Standard
Hannah,Harris,hannah.harris34@example.com,555-1034,654 Maple Dr,Seattle,WA,60034,Pacific Ventures,Engineer,HR,EMP1034,Hannah Harris,2022-11-07,90800,1989-11-07,Female,Single,USA,TAX100034,,555-2034,555-3034,www.harris.com,linkedin.com/in/hannah,USD,United States,Pacific Ventures Account,ACC10034,Manufacturing,5000000,180,Public,Hot,Prospect,Web,Camp34,987 Cedar Ln,Boston,MA,60035,USA,147 Birch Way,Phoenix,AZ,60036,USA,1994,Sample description for row 34,555-4034,555-5034,654 Maple Dr,Seattle,WA,60034,USA,alt34@example.com,personal34@example.com,hannah.harris34@example.com,Harris Emergency,555-9999,35000,2024-11-01,2023-06-15,39,499.95,2024-11-01,2023-01-35,2024-10-15,admin,admin,Yes,Yes,No,No,84,Gold,North,T4,Rep34,100000,5.5,Net 30,50000,34000,2024-09-01,Product 4,5,119.96,4,2.5,5.99,440,Shipped,Ground,TRK1000034,Phone,America/Chicago,Spanish,Premium
Ivan,Martin,ivan.martin35@example.com,555-1035,987 Cedar Ln,Boston,MA,60035,Northern Electric,Consultant,Operations,EMP1035,Ivan Martin,2023-12-08,92000,1990-12-08,Male,Single,USA,TAX100035,,555-2035,555-3035,www.martin.com,linkedin.com/in/ivan,USD,United States,Northern Electric Account,ACC10035,Education,6000000,185,Private,Warm,Customer,Web,Camp35,147 Birch Way,Phoenix,AZ,60036,USA,258 Spruce Ct,Miami,FL,60037,USA,1995,Sample description for row 35,555-4035,555-5035,987 Cedar Ln,Boston,MA,60035,USA,alt35@example.com,personal35@example.com,ivan.martin35@example.com,Martin Emergency,555-9999,36000,2024-12-01,2023-06-15,40,599.9399999999999,2024-11-01,2023-01-36,2024-10-15,admin,admin,Yes,No,Yes,Yes,85,Gold,North,T0,Rep35,100000,5.5,Net 30,50000,35000,2024-09-01,Product 5,1,149.95,5,2.5,5.99,450,Shipped,Ground,TRK1000035,Email,America/Chicago,English,Premium
Julia,Thompson,julia.thompson36@example.com,555-1036,147 Birch Way,Phoenix,AZ,60036,Metro Services,Specialist,Support,EMP1036,Julia Thompson,2018-01-09,93200,1991-01-09,Female,Married,USA,TAX100036,,555-2036,555-3036,www.thompson.com,linkedin.com/in/julia,USD,United States,Metro Services Account,ACC10036,Energy,7000000,190,Public,Hot,Prospect,Referral,Camp36,258 Spruce Ct,Miami,FL,60037,USA,369 Ash Blvd,Atlanta,GA,60038,USA,1996,Sample description for row 36,555-4036,555-5036,147 Birch Way,Phoenix,AZ,60036,USA,alt36@example.com,personal36@example.com,julia.thompson36@example.com,Thompson Emergency,555-9999,37000,2024-01-01,2023-06-15,41,699.93,2024-11-01,2023-01-37,2024-10-15,admin,admin,Yes,Yes,No,No,86,Silver,North,T1,Rep36,100000,5.5,Net 30,50000,36000,2024-09-01,Product 6,2,179.94,6,2.5,5.99,460,Pending,Ground,TRK1000036,Phone,America/Chicago,Spanish,Standard
Kevin,Garcia,kevin.garcia37@example.com,555-1037,258 Spruce Ct,Miami,FL,60037,Premier Group,Coordinator,Product,EMP1037,Kevin Garcia,2019-02-10,94400,1992-02-10,Male,Single,USA,TAX100037,,555-2037,555-3037,www.garcia.com,linkedin.com/in/kevin,USD,United States,Premier Group Account,ACC10037,Transportation,8000000,195,Private,Hot,Customer,Web,Camp37,369 Ash Blvd,Atlanta,GA,60038,USA,741 Willow Pl,Chicago,IL,60039,USA,1997,Sample description for row 37,555-4037,555-5037,258 Spruce Ct,Miami,FL,60037,USA,alt37@example.com,personal37@example.com,kevin.garcia37@example.com,Garcia Emergency,555-9999,38000,2024-02-01,2023-06-15,42,799.92,2024-11-01,2023-01-38,2024-10-15,admin,admin,Yes,Yes,Yes,Yes,87,Gold,North,T2,Rep37,100000,5.5,Net 30,50000,37000,2024-09-01,Product 7,3,209.92999999999998,7,2.5,5.99,470,Shipped,Ground,TRK1000037,Email,America/Chicago,English,Premium
Luna,Martinez,luna.martinez38@example.com,555-1038,369 Ash Blvd,Atlanta,GA,60038,United Partners,Director,Legal,EMP1038,Luna Martinez,2020-03-11,95600,1993-03-11,Female,Single,USA,TAX100038,,555-2038,555-3038,www.martinez.com,linkedin.com/in/luna,USD,United States,United Partners Account,ACC10038,Media,9000000,200,Public,Hot,Prospect,Web,Camp38,741 Willow Pl,Chicago,IL,60039,USA,123 Main St,Dallas,TX,60040,USA,1998,Sample description for row 38,555-4038,555-5038,369 Ash Blvd,Atlanta,GA,60038,USA,alt38@example.com,personal38@example.com,luna.martinez38@example.com,Martinez Emergency,555-9999,39000,2024-03-01,2023-06-15,43,899.91,2024-11-01,2023-01-39,2024-10-15,admin,admin,Yes,Yes,No,No,88,Gold,North,T3,Rep38,100000,5.5,Net 30,50000,38000,2024-09-01,Product 8,4,239.92,8,2.5,5.99,480,Shipped,Ground,TRK1000038,Phone,America/Chicago,Spanish,Premium
Mike,Robinson,mike.robinson39@example.com,555-1039,741 Willow Pl,Chicago,IL,60039,Central Logistics,Administrator,IT,EMP1039,Mike Robinson,2021-04-12,96800,1994-04-12,Male,Married,USA,TAX100039,,555-2039,555-3039,www.robinson.com,linkedin.com/in/mike,USD,United States,Central Logistics Account,ACC10039,Consulting,10000000,205,Private,Hot,Customer,Referral,Camp39,123 Main St,Dallas,TX,60040,USA,456 Oak Ave,Houston,TX,60041,USA,1999,Sample description for row 39,555-4039,555-5039,741 Willow Pl,Chicago,IL,60039,USA,alt39@example.com,personal39@example.com,mike.robinson39@example.com,Robinson Emergency,555-9999,40000,2024-04-01,2023-06-15,44,999.9,2024-11-01,2023-01-40,2024-10-15,admin,admin,Yes,Yes,Yes,Yes,89,Silver,North,T4,Rep39,100000,5.5,Net 30,50000,39000,2024-09-01,Product 9,5,269.90999999999997,9,2.5,5.99,490,Shipped,Ground,TRK1000039,Email,America/Chicago,English,Standard
Nora,Doe,nora.doe40@example.com,555-1040,123 Main St,Dallas,TX,60040,Acme Corp,Manager,Sales,EMP1040,Nora Doe,2022-05-13,98000,1995-05-13,Female,Single,USA,TAX100040,,555-2040,555-3040,www.doe.com,linkedin.com/in/nora,USD,United States,Acme Corp Account,ACC10040,Technology,1000000,210,Public,Warm,Prospect,Web,Camp40,456 Oak Ave,Houston,TX,60041,USA,789 Pine Rd,Detroit,MI,60042,USA,2000,Sample description for row 40,555-4040,555-5040,123 Main St,Dallas,TX,60040,USA,alt40@example.com,personal40@example.com,nora.doe40@example.com,Doe Emergency,555-9999,41000,2024-05-01,2023-06-15,45,99.99,2024-11-01,2023-01-41,2024-10-15,admin,admin,No,No,No,No,90,Gold,North,T0,Rep40,100000,5.5,Net 30,50000,40000,2024-09-01,Product 0,1,0,0,2.5,5.99,500,Pending,Ground,TRK1000040,Phone,America/Chicago,Spanish,Premium
Oscar,Smith,oscar.smith41@example.com,555-1041,456 Oak Ave,Houston,TX,60041,TechStart Inc,Developer,Engineering,EMP1041,Oscar Smith,2023-06-14,99200,1996-06-14,Male,Single,USA,TAX100041,,555-2041,555-3041,www.smith.com,linkedin.com/in/oscar,USD,United States,TechStart Inc Account,ACC10041,Healthcare,2000000,215,Private,Hot,Customer,Web,Camp41,789 Pine Rd,Detroit,MI,60042,USA,321 Elm St,Philadelphia,PA,60043,USA,2001,Sample description for row 41,555-4041,555-5041,456 Oak Ave,Houston,TX,60041,USA,alt41@example.com,personal41@example.com,oscar.smith41@example.com,Smith Emergency,555-9999,42000,2024-06-01,2023-06-15,46,199.98,2024-11-01,2023-01-42,2024-10-15,admin,admin,Yes,Yes,Yes,Yes,91,Gold,North,T1,Rep41,100000,5.5,Net 30,50000,41000,2024-09-01,Product 1,2,29.99,1,2.5,5.99,510,Shipped,Ground,TRK1000041,Email,America/Chicago,English,Premium
Penny,Johnson,penny.johnson42@example.com,555-1042,789 Pine Rd,Detroit,MI,60042,Global Solutions,Analyst,Marketing,EMP1042,Penny Johnson,2018-07-15,100400,1997-07-15,Female,Married,USA,TAX100042,,555-2042,555-3042,www.johnson.com,linkedin.com/in/penny,USD,United States,Global Solutions Account,ACC10042,Finance,3000000,220,Public,Hot,Prospect,Referral,Camp42,321 Elm St,Philadelphia,PA,60043,USA,654 Maple Dr,San Diego,CA,60044,USA,2002,Sample description for row 42,555-4042,555-5042,789 Pine Rd,Detroit,MI,60042,USA,alt42@example.com,personal42@example.com,penny.johnson42@example.com,Johnson Emergency,555-9999,43000,2024-07-01,2023-06-15,47,299.96999999999997,2024-11-01,2023-01-43,2024-10-15,admin,admin,Yes,Yes,No,No,92,Silver,North,T2,Rep42,100000,5.5,Net 30,50000,42000,2024-09-01,Product 2,3,59.98,2,2.5,5.99,520,Shipped,Ground,TRK1000042,Phone,America/Chicago,Spanish,Standard
Quinn,Williams,quinn.williams43@example.com,555-1043,321 Elm St,Philadelphia,PA,60043,Summit Industries,Designer,Finance,EMP1043,Quinn Williams,2019-08-16,101600,1998-08-16,Male,Single,USA,TAX100043,,555-2043,555-3043,www.williams.com,linkedin.com/in/quinn,USD,United States,Summit Industries Account,ACC10043,Retail,4000000,225,Private,Hot,Customer,Web,Camp43,654 Maple Dr,San Diego,CA,60044,USA,987 Cedar Ln,Springfield,IL,60045,USA,2003,Sample description for row 43,555-4043,555-5043,321 Elm St,Philadelphia,PA,60043,USA,alt43@example.com,personal43@example.com,quinn.williams43@example.com,Williams Emergency,555-9999,44000,2024-08-01,2023-06-15,48,399.96,2024-11-01,2023-01-44,2024-10-15,admin,admin,Yes,Yes,Yes,Yes,93,Gold,North,T3,Rep43,100000,5.5,Net 30,50000,43000,2024-09-01,Product 3,4,89.97,3,2.5,5.99,530,Shipped,Ground,TRK1000043,Email,America/Chicago,English,Premium
Ryan,Brown,ryan.brown44@example.com,555-1044,654 Maple Dr,San Diego,CA,60044,Pacific Ventures,Engineer,HR,EMP1044,Ryan Brown,2020-09-17,102800,1999-09-17,Female,Single,USA,TAX100044,,555-2044,555-3044,www.brown.com,linkedin.com/in/ryan,USD,United States,Pacific Ventures Account,ACC10044,Manufacturing,5000000,230,Public,Hot,Prospect,Web,Camp44,987 Cedar Ln,Springfield,IL,60045,USA,147 Birch Way,Portland,OR,60046,USA,2004,Sample description for row 44,555-4044,555-5044,654 Maple Dr,San Diego,CA,60044,USA,alt44@example.com,personal44@example.com,ryan.brown44@example.com,Brown Emergency,555-9999,45000,2024-09-01,2023-06-15,49,499.95,2024-11-01,2023-01-45,2024-10-15,admin,admin,Yes,Yes,No,No,94,Gold,North,T4,Rep44,100000,5.5,Net 30,50000,44000,2024-09-01,Product 4,5,119.96,4,2.5,5.99,540,Pending,Ground,TRK1000044,Phone,America/Chicago,Spanish,Premium
Sara,Davis,sara.davis45@example.com,555-1045,987 Cedar Ln,Springfield,IL,60045,Northern Electric,Consultant,Operations,EMP1045,Sara Davis,2021-10-18,104000,2000-10-18,Male,Married,USA,TAX100045,,555-2045,555-3045,www.davis.com,linkedin.com/in/sara,USD,United States,Northern Electric Account,ACC10045,Education,6000000,235,Private,Warm,Customer,Referral,Camp45,147 Birch Way,Portland,OR,60046,USA,258 Spruce Ct,Denver,CO,60047,USA,2005,Sample description for row 45,555-4045,555-5045,987 Cedar Ln,Springfield,IL,60045,USA,alt45@example.com,personal45@example.com,sara.davis45@example.com,Davis Emergency,555-9999,46000,2024-10-01,2023-06-15,50,599.9399999999999,2024-11-01,2023-01-46,2024-10-15,admin,admin,Yes,No,Yes,Yes,95,Silver,North,T0,Rep45,100000,5.5,Net 30,50000,45000,2024-09-01,Product 5,1,149.95,5,2.5,5.99,550,Shipped,Ground,TRK1000045,Email,America/Chicago,English,Standard
Ted,Miller,ted.miller46@example.com,555-1046,147 Birch Way,Portland,OR,60046,Metro Services,Specialist,Support,EMP1046,Ted Miller,2022-11-19,105200,2001-11-19,Female,Single,USA,TAX100046,,555-2046,555-3046,www.miller.com,linkedin.com/in/ted,USD,United States,Metro Services Account,ACC10046,Energy,7000000,240,Public,Hot,Prospect,Web,Camp46,258 Spruce Ct,Denver,CO,60047,USA,369 Ash Blvd,Austin,TX,60048,USA,2006,Sample description for row 46,555-4046,555-5046,147 Birch Way,Portland,OR,60046,USA,alt46@example.com,personal46@example.com,ted.miller46@example.com,Miller Emergency,555-9999,47000,2024-11-01,2023-06-15,51,699.93,2024-11-01,2023-01-47,2024-10-15,admin,admin,Yes,Yes,No,No,96,Gold,North,T1,Rep46,100000,5.5,Net 30,50000,46000,2024-09-01,Product 6,2,179.94,6,2.5,5.99,560,Shipped,Ground,TRK1000046,Phone,America/Chicago,Spanish,Premium
Ursula,Wilson,ursula.wilson47@example.com,555-1047,258 Spruce Ct,Denver,CO,60047,Premier Group,Coordinator,Product,EMP1047,Ursula Wilson,2023-12-20,106400,2002-12-20,Male,Single,USA,TAX100047,,555-2047,555-3047,www.wilson.com,linkedin.com/in/ursula,USD,United States,Premier Group Account,ACC10047,Transportation,8000000,245,Private,Hot,Customer,Web,Camp47,369 Ash Blvd,Austin,TX,60048,USA,741 Willow Pl,Seattle,WA,60049,USA,2007,Sample description for row 47,555-4047,555-5047,258 Spruce Ct,Denver,CO,60047,USA,alt47@example.com,personal47@example.com,ursula.wilson47@example.com,Wilson Emergency,555-9999,48000,2024-12-01,2023-06-15,52,799.92,2024-11-01,2023-01-48,2024-10-15,admin,admin,Yes,Yes,Yes,Yes,97,Gold,North,T2,Rep47,100000,5.5,Net 30,50000,47000,2024-09-01,Product 7,3,209.92999999999998,7,2.5,5.99,570,Shipped,Ground,TRK1000047,Email,America/Chicago,English,Premium
Vince,Moore,vince.moore48@example.com,555-1048,369 Ash Blvd,Austin,TX,60048,United Partners,Director,Legal,EMP1048,Vince Moore,2018-01-21,107600,2003-01-21,Female,Married,USA,TAX100048,,555-2048,555-3048,www.moore.com,linkedin.com/in/vince,USD,United States,United Partners Account,ACC10048,Media,9000000,250,Public,Hot,Prospect,Referral,Camp48,741 Willow Pl,Seattle,WA,60049,USA,123 Main St,Boston,MA,60050,USA,2008,Sample description for row 48,555-4048,555-5048,369 Ash Blvd,Austin,TX,60048,USA,alt48@example.com,personal48@example.com,vince.moore48@example.com,Moore Emergency,555-9999,49000,2024-01-01,2023-06-15,53,899.91,2024-11-01,2023-01-49,2024-10-15,admin,admin,Yes,Yes,No,No,98,Silver,North,T3,Rep48,100000,5.5,Net 30,50000,48000,2024-09-01,Product 8,4,239.92,8,2.5,5.99,580,Pending,Ground,TRK1000048,Phone,America/Chicago,Spanish,Standard
Will,Taylor,will.taylor49@example.com,555-1049,741 Willow Pl,Seattle,WA,60049,Central Logistics,Administrator,IT,EMP1049,Will Taylor,2019-02-22,108800,2004-02-22,Male,Single,USA,TAX100049,,555-2049,555-3049,www.taylor.com,linkedin.com/in/will,USD,United States,Central Logistics Account,ACC10049,Consulting,10000000,255,Private,Hot,Customer,Web,Camp49,123 Main St,Boston,MA,60050,USA,456 Oak Ave,Phoenix,AZ,60051,USA,2009,Sample description for row 49,555-4049,555-5049,741 Willow Pl,Seattle,WA,60049,USA,alt49@example.com,personal49@example.com,will.taylor49@example.com,Taylor Emergency,555-9999,50000,2024-02-01,2023-06-15,54,999.9,2024-11-01,2023-01-50,2024-10-15,admin,admin,Yes,Yes,Yes,Yes,99,Gold,North,T4,Rep49,100000,5.5,Net 30,50000,49000,2024-09-01,Product 9,5,269.90999999999997,9,2.5,5.99,590,Shipped,Ground,TRK1000049,Email,America/Chicago,English,Premium